{"cameraMode":{"drawMode":0,"name":"Shaded","section":"Shading Mode"},"sceneLighting":true,"audioPlay":false,"sceneViewState":{"showFog":true,"showMaterialUpdate":false,"showSkybox":true,"showFlares":true,"showImageEffects":true,"showParticleSystems":true},"in2DMode":false,"pivot":{"x":156.61264038085938,"y":498.0917053222656,"z":18.901123046875},"rotation":{"x":-0.0183087270706892,"y":0.002094283699989319,"z":-0.000006243205007194774,"w":-0.9998602271080017},"size":1270.311279296875,"orthographic":false}