{"cameraMode":{"drawMode":0,"name":"Shaded","section":"Shading Mode"},"sceneLighting":true,"audioPlay":false,"sceneViewState":{"showFog":true,"showMaterialUpdate":false,"showSkybox":true,"showFlares":true,"showImageEffects":true,"showParticleSystems":true},"in2DMode":false,"pivot":{"x":648.6760864257813,"y":258.569580078125,"z":28.862953186035158},"rotation":{"x":-0.019807355478405954,"y":0.017089873552322389,"z":-0.00028813464450649917,"w":-0.9997080564498901},"size":1074.6573486328125,"orthographic":false}